<?xml version="1.0" encoding="utf-8" ?>
<install type="component" version="1.5">
    <name>My Component</name>
    <author>Packt Publishing</author>
    <creationDate>April 2009</creationDate>
    <copyright>Copyright (C) 2009 Packt Publishing. All rights reserved.</copyright>
    <license>http://www.gnu.org/licenses/gpl-2.0.html GNU/GPL</license>
    <authorEmail>author@example.org</authorEmail>
    <authorUrl>http://www.example.org</authorUrl>
    <version>1.0</version>
    <description>EXAMPLE COMPONENT THAT INSTALLS EXTRA EXTENSIONS</description>    
    <administration>
        <menu>My Component</menu>
        <files folder="administration">
            <filename>admin.mycomponent.php</filename>
        </files>
        <languages folder="administrationlanguages">
            <language tag="en-GB">en-GB.com_mycomponent.ini</language>
        </languages>
    </administration>
    <install>
        <sql></sql>
    </install>
    <uninstall>
        <sql></sql>
    </uninstall>
    <installfile>install.mycomponent.php</installfile>
    <uninstallfile>uninstall.mycomponent.php</uninstallfile>
    <files folder="site">
        <filename>mycomponent.php</filename>
    </files>
</install>
