<?xml version="1.0" encoding="utf-8"?>
<install version="1.5" type="plugin" group="library">
    <name>Library - My Library</name>
    <author>Packt Publishing</author>
    <creationDate>April 2009</creationDate>
    <copyright>Copyright (C) 2009 Packt Publishing. All rights reserved.</copyright>
    <license>http://www.gnu.org/licenses/gpl-2.0.html GNU/GPL</license>
    <authorEmail>author@example.org</authorEmail>
    <authorUrl>http://www.example.org</authorUrl>
    <version>1.0</version>
    <description>PROVIDES LIBRARY CLASSES FOR MY LIBRARY</description>
    <files>
        <filename plugin="mylibrary">mylibrary.php</filename>
        <folder>mylibrary</folder>
    </files>
    <params>
    </params>
</install>